<?xml version="1.0" encoding="UTF-8"?>
<project-private xmlns="http://www.netbeans.org/ns/project-private/1">
    <editor-bookmarks xmlns="http://www.netbeans.org/ns/editor-bookmarks/2" lastBookmarkId="0"/>
    <open-files xmlns="http://www.netbeans.org/ns/projectui-open-files/2">
        <group>
            <file>file:/C:/wamp64/www/sample/php/login_submit.php</file>
            <file>file:/C:/wamp64/www/sample/php/success.php</file>
            <file>file:/C:/wamp64/www/sample/php/products.php</file>
            <file>file:/C:/wamp64/www/sample/php/signup_script.php</file>
            <file>file:/C:/wamp64/www/sample/php/logout.php</file>
            <file>file:/C:/wamp64/www/sample/php/index.php</file>
            <file>file:/C:/wamp64/www/sample/includes/check-if-added.php</file>
            <file>file:/C:/wamp64/www/sample/php/cart.php</file>
            <file>file:/C:/wamp64/www/sample/php/cart-add.php</file>
            <file>file:/C:/wamp64/www/sample/php/cart-remove.php</file>
        </group>
    </open-files>
</project-private>
